match_id,minute,event_type,shot_outcome,shot_xg,team_id,player_id,app_events_plus_minus_5m,baseline_app_events_10m,engagement_lift_vs_baseline,competition_name,home_team_name,away_team_name,match_label
3869519,44,Shot,Blocked,0.026162526,785,5463.0,14311,6626.9221613901445,2.1595243842426464,FIFA World Cup,Argentina,Croatia,Argentina vs Croatia
3869519,44,Shot,Off T,0.07864248,785,11603.0,14307,6626.9221613901445,2.1589207857843298,FIFA World Cup,Argentina,Croatia,Argentina vs Croatia
3869519,45,Substitution,,,785,12625.0,14294,6626.9221613901445,2.1569590907948006,FIFA World Cup,Argentina,Croatia,Argentina vs Croatia
3869519,45,Substitution,,,785,11603.0,14294,6626.9221613901445,2.1569590907948006,FIFA World Cup,Argentina,Croatia,Argentina vs Croatia
3869519,41,Shot,Saved,0.0684051,779,27886.0,14058,6626.9221613901445,2.121346781754114,FIFA World Cup,Argentina,Croatia,Argentina vs Croatia
3869684,13,Shot,Off T,0.040524755,785,49337.0,13595,6674.743181013106,2.0367824845564355,FIFA World Cup,Croatia,Morocco,Croatia vs Morocco
3869519,40,Shot,Blocked,0.027667157,779,7797.0,13590,6626.9221613901445,2.0507257621310577,FIFA World Cup,Argentina,Croatia,Argentina vs Croatia
3869685,122,Shot,Off T,0.10655013,779,11456.0,13320,5779.974376663053,2.3045084860203175,FIFA World Cup,Argentina,France,Argentina vs France
3869685,122,Shot,Saved,0.27751395,771,22097.0,12998,5779.974376663053,2.2487988964934,FIFA World Cup,Argentina,France,Argentina vs France
3869519,48,Shot,Saved,0.014370957,779,16308.0,12979,6626.9221613901445,1.9585260976231786,FIFA World Cup,Argentina,Croatia,Argentina vs Croatia
3869519,38,Shot,Goal,0.36172354,779,29560.0,12886,6626.9221613901445,1.9444924334673148,FIFA World Cup,Argentina,Croatia,Argentina vs Croatia
3869486,46,Shot,Off T,0.082217455,788,31295.0,12842,6537.147518061058,1.9644653825723952,FIFA World Cup,Morocco,Portugal,Morocco vs Portugal
3869486,44,Shot,Post,0.0067060287,780,5204.0,12714,6537.147518061058,1.9448849769526113,FIFA World Cup,Morocco,Portugal,Morocco vs Portugal
3869420,121,Shot,Saved,0.10135116,781,5539.0,12550,5829.512122119126,2.1528388203158695,FIFA World Cup,Croatia,Brazil,Croatia vs Brazil
3869354,59,Shot,Saved,0.07073746,768,22084.0,12475,6461.771107801582,1.9305852516097919,FIFA World Cup,England,France,England vs France
3869519,49,Substitution,,,785,5469.0,12238,6626.9221613901445,1.8467094832200062,FIFA World Cup,Argentina,Croatia,Argentina vs Croatia
3869354,60,Shot,Blocked,0.030820057,771,5477.0,12219,6461.771107801582,1.8909676304144325,FIFA World Cup,England,France,England vs France
3869354,83,Shot,Off T,0.7835,768,10955.0,12185,6461.771107801582,1.885705915099424,FIFA World Cup,England,France,England vs France
3869684,46,Shot,Blocked,0.028195048,785,16527.0,12150,6674.743181013106,1.8202947544950858,FIFA World Cup,Croatia,Morocco,Croatia vs Morocco
3869684,46,Shot,Blocked,0.02019975,785,22041.0,12134,6674.743181013106,1.8178976585220883,FIFA World Cup,Croatia,Morocco,Croatia vs Morocco
3869684,45,Substitution,,,788,3634.0,12013,6674.743181013106,1.7997696202262936,FIFA World Cup,Croatia,Morocco,Croatia vs Morocco
3869354,61,Shot,Saved,0.029508974,768,10955.0,11770,6461.771107801582,1.8214820369897595,FIFA World Cup,England,France,England vs France
3869519,77,Shot,Off T,0.011610668,785,16527.0,11758,6626.9221613901445,1.7742776682219996,FIFA World Cup,Argentina,Croatia,Argentina vs Croatia
3869684,17,Shot,Blocked,0.11308218,785,16527.0,11736,6674.743181013106,1.758269896193772,FIFA World Cup,Croatia,Morocco,Croatia vs Morocco
3869354,78,Substitution,,,768,22084.0,11728,6461.771107801582,1.814982271012396,FIFA World Cup,England,France,England vs France
3869519,74,Shot,Off T,0.0058680973,785,5474.0,11710,6626.9221613901445,1.767034486722199,FIFA World Cup,Argentina,Croatia,Argentina vs Croatia
3869354,78,Substitution,,,768,3532.0,11698,6461.771107801582,1.8103395810285647,FIFA World Cup,England,France,England vs France
3869684,17,Shot,Saved,0.13429043,785,5460.0,11662,6674.743181013106,1.7471833273186579,FIFA World Cup,Croatia,Morocco,Croatia vs Morocco
3869354,78,Substitution,,,771,5477.0,11588,6461.771107801582,1.7933163844211837,FIFA World Cup,England,France,England vs France
3869354,84,Substitution,,,768,4354.0,11585,6461.771107801582,1.7928521154228005,FIFA World Cup,England,France,England vs France
3869684,9,Shot,Off T,0.02730659,785,16527.0,11508,6674.743181013106,1.7241112785785555,FIFA World Cup,Croatia,Morocco,Croatia vs Morocco
3869519,73,Substitution,,,779,29560.0,11447,6626.9221613901445,1.7273478880878748,FIFA World Cup,Argentina,Croatia,Argentina vs Croatia
3869486,41,Shot,Goal,0.20030825,788,6301.0,11418,6537.147518061058,1.7466333700522978,FIFA World Cup,Morocco,Portugal,Morocco vs Portugal
3869552,39,Shot,Off T,0.07554505,771,5485.0,11409,6705.485930480018,1.7014426871198096,FIFA World Cup,France,Morocco,France vs Morocco
3869519,73,Substitution,,,779,7797.0,11393,6626.9221613901445,1.719199308900599,FIFA World Cup,Argentina,Croatia,Argentina vs Croatia
3869486,50,Substitution,,,780,5209.0,11209,6537.147518061058,1.7146622390012443,FIFA World Cup,Morocco,Portugal,Morocco vs Portugal
3869486,50,Substitution,,,780,9927.0,11179,6537.147518061058,1.7100730814341074,FIFA World Cup,Morocco,Portugal,Morocco vs Portugal
3869552,43,Shot,Saved to Post,0.06408756,788,7459.0,11083,6705.485930480018,1.6528257780128714,FIFA World Cup,France,Morocco,France vs Morocco
3869552,43,Shot,Off T,0.035300843,788,3625.0,11063,6705.485930480018,1.6498431455523233,FIFA World Cup,France,Morocco,France vs Morocco
3869354,21,Shot,Blocked,0.21807538,768,30714.0,10885,6461.771107801582,1.68452268246674,FIFA World Cup,England,France,England vs France
3869354,21,Shot,Saved,0.07522586,768,10955.0,10873,6461.771107801582,1.6826656064732077,FIFA World Cup,England,France,England vs France
3869354,54,Shot,Saved,0.06667264,771,3026.0,10844,6461.771107801582,1.678177672822171,FIFA World Cup,England,France,England vs France
3869552,45,Substitution,,,788,15890.0,10799,6705.485930480018,1.6104723970730848,FIFA World Cup,France,Morocco,France vs Morocco
3869519,72,Shot,Saved,0.00752127,785,5474.0,10667,6626.9221613901445,1.6096461887161142,FIFA World Cup,Argentina,Croatia,Argentina vs Croatia
3869354,77,Shot,Goal,0.14665264,771,3604.0,10635,6461.771107801582,1.6458335992681472,FIFA World Cup,England,France,England vs France
3869519,80,Substitution,,,785,5463.0,10532,6626.9221613901445,1.5892747407479249,FIFA World Cup,Argentina,Croatia,Argentina vs Croatia
3869486,63,Shot,Off T,0.057325892,780,5204.0,10455,6537.147518061058,1.599321412147204,FIFA World Cup,Morocco,Portugal,Morocco vs Portugal
3869486,63,Substitution,,,788,23774.0,10414,6537.147518061058,1.593049563472117,FIFA World Cup,Morocco,Portugal,Morocco vs Portugal
3869486,64,Substitution,,,788,6301.0,10385,6537.147518061058,1.5886133778238845,FIFA World Cup,Morocco,Portugal,Morocco vs Portugal
3869685,120,Substitution,,,779,5507.0,10373,5779.974376663053,1.7946446340457023,FIFA World Cup,Argentina,France,Argentina vs France
3869354,20,Shot,Saved,0.05589417,768,3382.0,10357,6461.771107801582,1.6028113387513117,FIFA World Cup,England,France,England vs France
3869519,71,Substitution,,,785,5460.0,10332,6626.9221613901445,1.559094817832089,FIFA World Cup,Argentina,Croatia,Argentina vs Croatia
3869552,46,Shot,Blocked,0.01766911,771,4445.0,10216,6705.485930480018,1.5235286608481002,FIFA World Cup,France,Morocco,France vs Morocco
3869354,53,Shot,Goal,0.7835,768,10955.0,10175,6461.771107801582,1.574645686182736,FIFA World Cup,England,France,England vs France
3869685,120,Substitution,,,771,4445.0,10166,5779.974376663053,1.7588313264926838,FIFA World Cup,Argentina,France,Argentina vs France
3869486,38,Shot,Off T,0.060545366,780,12041.0,10150,6537.147518061058,1.5526649768813123,FIFA World Cup,Morocco,Portugal,Morocco vs Portugal
3869354,76,Shot,Saved,0.20829616,771,3604.0,10077,6461.771107801582,1.5594795655688876,FIFA World Cup,England,France,England vs France
3869486,60,Shot,Blocked,0.026895314,780,12041.0,10075,6537.147518061058,1.54119208296347,FIFA World Cup,Morocco,Portugal,Morocco vs Portugal
3869420,119,Shot,Off T,0.01192189,785,28914.0,10070,5829.512122119126,1.7274172845084308,FIFA World Cup,Croatia,Brazil,Croatia vs Brazil
3869684,8,Shot,Goal,0.4178385,788,139016.0,9991,6674.743181013106,1.4968366166387164,FIFA World Cup,Croatia,Morocco,Croatia vs Morocco
3869684,41,Shot,Goal,0.013095795,785,16527.0,9971,6674.743181013106,1.4938402466724692,FIFA World Cup,Croatia,Morocco,Croatia vs Morocco
3869486,68,Substitution,,,780,38803.0,9950,6537.147518061058,1.5220705931003997,FIFA World Cup,Morocco,Portugal,Morocco vs Portugal
3869486,68,Substitution,,,780,11184.0,9923,6537.147518061058,1.5179403512899765,FIFA World Cup,Morocco,Portugal,Morocco vs Portugal
3869552,9,Shot,Saved,0.01924696,788,46258.0,9887,6705.485930480018,1.4744643568720799,FIFA World Cup,France,Morocco,France vs Morocco
3869519,70,Bad Behaviour,,,779,3090.0,9740,6626.9221613901445,1.4697622460012143,FIFA World Cup,Argentina,Croatia,Argentina vs Croatia
3869552,85,Shot,Wayward,0.024939176,788,21736.0,9736,6705.485930480018,1.4519454817949398,FIFA World Cup,France,Morocco,France vs Morocco
3869684,70,Shot,Off T,0.03597725,785,3441.0,9588,6674.743181013106,1.4364597618188382,FIFA World Cup,Croatia,Morocco,Croatia vs Morocco
3869321,120,Shot,Post,0.038940463,779,38718.0,9551,5814.875037639265,1.6425116512697295,FIFA World Cup,Netherlands,Argentina,Netherlands vs Argentina
3869519,82,Shot,Off T,0.14140838,779,27886.0,9531,6626.9221613901445,1.4382242265541656,FIFA World Cup,Argentina,Croatia,Argentina vs Croatia
3869486,55,Shot,Off T,0.032880384,788,46258.0,9380,6537.147518061058,1.434876599324799,FIFA World Cup,Morocco,Portugal,Morocco vs Portugal
3869486,57,Shot,Off T,0.10594022,780,38803.0,9226,6537.147518061058,1.4113189238134962,FIFA World Cup,Morocco,Portugal,Morocco vs Portugal
3869684,68,Bad Behaviour,,,788,46258.0,9189,6674.743181013106,1.3766821809922094,FIFA World Cup,Croatia,Morocco,Croatia vs Morocco
3869486,56,Substitution,,,788,5219.0,9161,6537.147518061058,1.4013757490846996,FIFA World Cup,Morocco,Portugal,Morocco vs Portugal
3869354,88,Shot,Off T,0.024138648,768,7843.0,9105,6461.771107801582,1.4090564100927578,FIFA World Cup,England,France,England vs France
3869552,78,Shot,Goal,0.8521293,771,22097.0,9094,6705.485930480018,1.3562029798113375,FIFA World Cup,France,Morocco,France vs Morocco
3869552,78,Shot,Blocked,0.033641826,771,3009.0,9076,6705.485930480018,1.353518610596844,FIFA World Cup,France,Morocco,France vs Morocco
3869354,74,Shot,Off T,0.075690374,771,3604.0,9016,6461.771107801582,1.3952830964740588,FIFA World Cup,England,France,England vs France
3869519,33,Shot,Goal,0.7835,779,5503.0,9014,6626.9221613901445,1.3602091258167295,FIFA World Cup,Argentina,Croatia,Argentina vs Croatia
3869354,28,Shot,Saved,0.018916143,768,10955.0,8988,6461.771107801582,1.3909499191558163,FIFA World Cup,England,France,England vs France
3869552,35,Shot,Off T,0.2635025,771,3604.0,8983,6705.485930480018,1.339649369655294,FIFA World Cup,France,Morocco,France vs Morocco
3869552,35,Shot,Blocked,0.15100354,771,3009.0,8929,6705.485930480018,1.3315962620118136,FIFA World Cup,France,Morocco,France vs Morocco
3869486,70,Shot,Wayward,0.10927713,780,3193.0,8884,6537.147518061058,1.3590025275481357,FIFA World Cup,Morocco,Portugal,Morocco vs Portugal
3869354,51,Shot,Blocked,0.017202334,768,3532.0,8862,6461.771107801582,1.3714506212237254,FIFA World Cup,England,France,England vs France
3869552,78,Substitution,,,771,5477.0,8849,6705.485930480018,1.3196657321696201,FIFA World Cup,France,Morocco,France vs Morocco
3869684,74,Shot,Saved,0.16040824,788,6301.0,8837,6674.743181013106,1.3239460695862613,FIFA World Cup,Croatia,Morocco,Croatia vs Morocco
3869321,119,Shot,Blocked,0.04201436,779,5503.0,8836,5814.875037639265,1.5195511413065992,FIFA World Cup,Netherlands,Argentina,Netherlands vs Argentina
3869519,68,Shot,Goal,0.33366448,779,29560.0,8761,6626.9221613901445,1.322031523328197,FIFA World Cup,Argentina,Croatia,Argentina vs Croatia
3869552,52,Shot,Wayward,0.24936919,788,31295.0,8660,6705.485930480018,1.2914798554174383,FIFA World Cup,France,Morocco,France vs Morocco
3869684,66,Substitution,,,785,22041.0,8603,6674.743181013106,1.2888885409811708,FIFA World Cup,Croatia,Morocco,Croatia vs Morocco
3869552,77,Substitution,,,788,23774.0,8603,6705.485930480018,1.2829793529048754,FIFA World Cup,France,Morocco,France vs Morocco
3869684,66,Substitution,,,785,28914.0,8573,6674.743181013106,1.2843939860318,FIFA World Cup,Croatia,Morocco,Croatia vs Morocco
3869684,39,Shot,Off T,0.014617449,788,5237.0,8561,6674.743181013106,1.2825961640520518,FIFA World Cup,Croatia,Morocco,Croatia vs Morocco
3869552,53,Shot,Off T,0.020691318,788,5234.0,8528,6705.485930480018,1.271794481177819,FIFA World Cup,France,Morocco,France vs Morocco
3869684,66,Substitution,,,788,7459.0,8513,6674.743181013106,1.275404876133059,FIFA World Cup,Croatia,Morocco,Croatia vs Morocco
3869552,16,Shot,Off T,0.06111174,788,5237.0,8388,6705.485930480018,1.2509160539539805,FIFA World Cup,France,Morocco,France vs Morocco
3869486,34,Shot,Saved,0.03503226,788,3625.0,8296,6537.147518061058,1.2690550392322528,FIFA World Cup,Morocco,Portugal,Morocco vs Portugal
3869552,34,Shot,Off T,0.061363008,771,11990.0,8223,6705.485930480018,1.2263093361544566,FIFA World Cup,France,Morocco,France vs Morocco
3869552,16,Shot,Post,0.09802507,771,3604.0,8213,6705.485930480018,1.2248180199241825,FIFA World Cup,France,Morocco,France vs Morocco
3869552,34,Shot,Blocked,0.060999498,771,3604.0,8208,6705.485930480018,1.2240723618090452,FIFA World Cup,France,Morocco,France vs Morocco
3869684,23,Shot,Saved,0.07012748,785,5463.0,8085,6674.743181013106,1.211282558855372,FIFA World Cup,Croatia,Morocco,Croatia vs Morocco
3869519,85,Substitution,,,779,27886.0,8060,6626.9221613901445,1.2162508935081917,FIFA World Cup,Argentina,Croatia,Argentina vs Croatia
3869684,54,Shot,Off T,0.0065055056,785,16527.0,8027,6674.743181013106,1.2025930859532554,FIFA World Cup,Croatia,Morocco,Croatia vs Morocco
3869321,118,Shot,Saved,0.08241133,779,11456.0,7993,5814.875037639265,1.3745781204689507,FIFA World Cup,Netherlands,Argentina,Netherlands vs Argentina
3869519,85,Substitution,,,779,29201.0,7984,6626.9221613901445,1.204782522800174,FIFA World Cup,Argentina,Croatia,Argentina vs Croatia
3869552,93,Shot,Blocked,0.50624365,788,59493.0,7977,6705.485930480018,1.1896229568897119,FIFA World Cup,France,Morocco,France vs Morocco
3869552,93,Shot,Blocked,0.067406826,788,46258.0,7977,6705.485930480018,1.1896229568897119,FIFA World Cup,France,Morocco,France vs Morocco
3869486,34,Shot,Off T,0.06053267,788,23774.0,7969,6537.147518061058,1.219033221750461,FIFA World Cup,Morocco,Portugal,Morocco vs Portugal
3869684,6,Shot,Goal,0.1243582,785,33018.0,7902,6674.743181013106,1.1838657736642115,FIFA World Cup,Croatia,Morocco,Croatia vs Morocco
3869552,93,Shot,Blocked,0.03807111,788,46258.0,7863,6705.485930480018,1.1726219518645862,FIFA World Cup,France,Morocco,France vs Morocco
3869552,92,Shot,Blocked,0.05950738,788,149714.0,7794,6705.485930480018,1.1623318698756944,FIFA World Cup,France,Morocco,France vs Morocco
3869552,92,Shot,Blocked,0.06379096,788,46258.0,7792,6705.485930480018,1.1620336066296395,FIFA World Cup,France,Morocco,France vs Morocco
3869519,31,Bad Behaviour,,,785,5456.0,7713,6626.9221613901445,1.1638887272492162,FIFA World Cup,Argentina,Croatia,Argentina vs Croatia
3869354,16,Shot,Goal,0.027870113,771,10481.0,7711,6461.771107801582,1.1933260821774032,FIFA World Cup,England,France,England vs France
3869685,112,Substitution,,,771,5485.0,7702,5779.974376663053,1.332531858808445,FIFA World Cup,Argentina,France,Argentina vs France
3869684,94,Substitution,,,785,16527.0,7647,6674.743181013106,1.1456620565945614,FIFA World Cup,Croatia,Morocco,Croatia vs Morocco
3869684,64,Shot,Blocked,0.072652236,788,6301.0,7642,6674.743181013106,1.1449129641029998,FIFA World Cup,Croatia,Morocco,Croatia vs Morocco
3869420,109,Substitution,,,785,12625.0,7556,5829.512122119126,1.2961633566778255,FIFA World Cup,Croatia,Brazil,Croatia vs Brazil
3869684,95,Shot,Off T,0.1132524,788,6301.0,7525,6674.743181013106,1.1273841998004543,FIFA World Cup,Croatia,Morocco,Croatia vs Morocco
3869519,61,Shot,Blocked,0.09374543,785,3471.0,7454,6626.9221613901445,1.1248057270732086,FIFA World Cup,Argentina,Croatia,Argentina vs Croatia
3869519,61,Substitution,,,779,16308.0,7429,6626.9221613901445,1.121033236708729,FIFA World Cup,Argentina,Croatia,Argentina vs Croatia
3869519,88,Shot,Saved,0.044770177,785,28914.0,7427,6626.9221613901445,1.1207314374795707,FIFA World Cup,Argentina,Croatia,Argentina vs Croatia
3869519,57,Shot,Saved,0.10581502,779,5503.0,7418,6626.9221613901445,1.119373340948358,FIFA World Cup,Argentina,Croatia,Argentina vs Croatia
3869684,55,Substitution,,,788,156734.0,7374,6674.743181013106,1.1047616065552892,FIFA World Cup,Croatia,Morocco,Croatia vs Morocco
3869552,20,Substitution,,,788,5219.0,7355,6705.485930480018,1.0968630873666578,FIFA World Cup,France,Morocco,France vs Morocco
3869685,117,Shot,Goal,0.7835,771,3009.0,7351,5779.974376663053,1.2718049460011527,FIFA World Cup,Argentina,France,Argentina vs France
3869685,107,Shot,Goal,0.48840353,779,5503.0,7317,5779.974376663053,1.2659225669827825,FIFA World Cup,Argentina,France,Argentina vs France
3869685,107,Shot,Saved,0.10407211,779,11456.0,7310,5779.974376663053,1.2647114889495887,FIFA World Cup,Argentina,France,Argentina vs France
3869519,57,Shot,Blocked,0.021008598,785,16527.0,7307,6626.9221613901445,1.102623483730069,FIFA World Cup,Argentina,Croatia,Argentina vs Croatia
3869685,83,Shot,Blocked,0.030159522,779,38718.0,7268,5779.974376663053,1.2574450207504255,FIFA World Cup,Argentina,France,Argentina vs France
3869519,92,Shot,Off T,0.049129687,785,3441.0,7268,6626.9221613901445,1.096738398761481,FIFA World Cup,Argentina,Croatia,Argentina vs Croatia
3869552,32,Shot,Blocked,0.040336993,771,10481.0,7242,6705.485930480018,1.0800112139645597,FIFA World Cup,France,Morocco,France vs Morocco
3869321,82,Shot,Goal,0.047416847,941,7829.0,7242,5814.875037639265,1.2454265918223622,FIFA World Cup,Netherlands,Argentina,Netherlands vs Argentina
3869321,80,Substitution,,,779,29560.0,7178,5814.875037639265,1.234420336385103,FIFA World Cup,Netherlands,Argentina,Netherlands vs Argentina
3869321,84,Shot,Blocked,0.032538008,941,7745.0,7169,5814.875037639265,1.2328725817142383,FIFA World Cup,Netherlands,Argentina,Netherlands vs Argentina
3869519,30,Shot,Off T,0.034139045,785,5474.0,7160,6626.9221613901445,1.0804412403869295,FIFA World Cup,Argentina,Croatia,Argentina vs Croatia
3869685,115,Substitution,,,779,27886.0,7139,5779.974376663053,1.2351265827101388,FIFA World Cup,Argentina,France,Argentina vs France
3869685,115,Shot,Blocked,0.03075741,771,3009.0,7138,5779.974376663053,1.2349535715625395,FIFA World Cup,Argentina,France,Argentina vs France
3869486,12,Shot,Blocked,0.019215545,780,5209.0,7076,6537.147518061058,1.0824292981686863,FIFA World Cup,Morocco,Portugal,Morocco vs Portugal
3869685,106,Shot,Saved,0.024784861,779,5503.0,7032,5779.974376663053,1.2166143899170325,FIFA World Cup,Argentina,France,Argentina vs France
3869354,69,Shot,Post,0.07199757,768,3336.0,7016,6461.771107801582,1.0857704308853147,FIFA World Cup,England,France,England vs France
3869321,87,Bad Behaviour,,,941,7745.0,6957,5814.875037639265,1.1964143605783173,FIFA World Cup,Netherlands,Argentina,Netherlands vs Argentina
3869684,63,Substitution,,,788,139016.0,6947,6674.743181013106,1.0407891077759146,FIFA World Cup,Croatia,Morocco,Croatia vs Morocco
3869519,94,Shot,Off T,0.02342664,785,3471.0,6920,6626.9221613901445,1.0442253328879263,FIFA World Cup,Argentina,Croatia,Argentina vs Croatia
3869354,70,Shot,Blocked,0.006951497,768,3382.0,6900,6461.771107801582,1.0678186962811673,FIFA World Cup,England,France,England vs France
3869684,63,Substitution,,,788,3625.0,6898,6674.743181013106,1.0334480013586094,FIFA World Cup,Croatia,Morocco,Croatia vs Morocco
3869486,30,Shot,Blocked,0.027014187,780,12041.0,6875,6537.147518061058,1.051681942468869,FIFA World Cup,Morocco,Portugal,Morocco vs Portugal
3869685,105,Shot,Off T,0.14029205,779,11456.0,6817,5779.974376663053,1.179416993183221,FIFA World Cup,Argentina,France,Argentina vs France
3869486,17,Shot,Off T,0.008206696,788,5237.0,6802,6537.147518061058,1.0405149923888362,FIFA World Cup,Morocco,Portugal,Morocco vs Portugal
3869685,80,Shot,Goal,0.1017027,771,3009.0,6791,5779.974376663053,1.1749187033456439,FIFA World Cup,Argentina,France,Argentina vs France
3869552,4,Shot,Goal,0.0979349,771,6704.0,6774,6705.485930480018,1.0102176143877282,FIFA World Cup,France,Morocco,France vs Morocco
3869321,77,Substitution,,,941,2988.0,6769,5814.875037639265,1.1640834852313684,FIFA World Cup,Netherlands,Argentina,Netherlands vs Argentina
3869321,39,Shot,Saved,0.03387043,779,5503.0,6757,5814.875037639265,1.1620198123368821,FIFA World Cup,Netherlands,Argentina,Netherlands vs Argentina
3869420,113,Substitution,,,785,5469.0,6728,5829.512122119126,1.1541274568195354,FIFA World Cup,Croatia,Brazil,Croatia vs Brazil
3869552,4,Shot,Blocked,0.09459595,771,3009.0,6728,6705.485930480018,1.003357559728467,FIFA World Cup,France,Morocco,France vs Morocco
3869684,90,Shot,Off T,0.021768013,788,5237.0,6670,6674.743181013106,0.9992893837433928,FIFA World Cup,Croatia,Morocco,Croatia vs Morocco
3869321,77,Substitution,,,779,20572.0,6667,5814.875037639265,1.1465422656282365,FIFA World Cup,Netherlands,Argentina,Netherlands vs Argentina
3869552,73,Shot,Off T,0.040043775,771,11990.0,6655,6705.485930480018,0.9924709512474654,FIFA World Cup,France,Morocco,France vs Morocco
3869420,22,Shot,Blocked,0.030699778,781,5539.0,6647,5829.512122119126,1.1402326405290506,FIFA World Cup,Croatia,Brazil,Croatia vs Brazil
3869684,36,Shot,Off T,0.04761149,788,6301.0,6632,6674.743181013106,0.9935962808075235,FIFA World Cup,Croatia,Morocco,Croatia vs Morocco
3869486,81,Shot,Saved,0.025960794,780,12041.0,6628,6537.147518061058,1.0138978784994421,FIFA World Cup,Morocco,Portugal,Morocco vs Portugal
3869420,71,Substitution,,,785,5460.0,6620,5829.512122119126,1.135601035098889,FIFA World Cup,Croatia,Brazil,Croatia vs Brazil
3869420,71,Substitution,,,785,11603.0,6615,5829.512122119126,1.1347433303895997,FIFA World Cup,Croatia,Brazil,Croatia vs Brazil
3869321,77,Substitution,,,779,19597.0,6607,5814.875037639265,1.136223901155806,FIFA World Cup,Netherlands,Argentina,Netherlands vs Argentina
3869552,25,Shot,Blocked,0.020597277,788,5245.0,6604,6705.485930480018,0.9848652384730672,FIFA World Cup,France,Morocco,France vs Morocco
3869685,104,Shot,Blocked,0.23260574,779,11456.0,6593,5779.974376663053,1.1406624961210174,FIFA World Cup,Argentina,France,Argentina vs France
3869685,104,Shot,Blocked,0.020604363,779,28263.0,6592,5779.974376663053,1.1404894849734184,FIFA World Cup,Argentina,France,Argentina vs France
3869420,70,Shot,Blocked,0.030721588,785,5460.0,6591,5829.512122119126,1.1306263477850116,FIFA World Cup,Croatia,Brazil,Croatia vs Brazil
3869420,116,Bad Behaviour,,,785,7693.0,6574,5829.512122119126,1.1277101517734285,FIFA World Cup,Croatia,Brazil,Croatia vs Brazil
3869684,89,Shot,Blocked,0.057190012,788,6301.0,6551,6674.743181013106,0.9814609824442229,FIFA World Cup,Croatia,Morocco,Croatia vs Morocco
3869420,105,Shot,Goal,0.4674385,781,4320.0,6512,5829.512122119126,1.1170746133782425,FIFA World Cup,Croatia,Brazil,Croatia vs Brazil
3869685,40,Substitution,,,771,5477.0,6483,5779.974376663053,1.121631269885114,FIFA World Cup,Argentina,France,Argentina vs France
3869420,116,Shot,Goal,0.09977819,785,7693.0,6478,5829.512122119126,1.1112422213550759,FIFA World Cup,Croatia,Brazil,Croatia vs Brazil
3869321,89,Shot,Off T,0.047394842,941,8125.0,6462,5814.875037639265,1.1112878536807655,FIFA World Cup,Netherlands,Argentina,Netherlands vs Argentina
3869685,79,Shot,Goal,0.7835,771,3009.0,6453,5779.974376663053,1.1164409354571403,FIFA World Cup,Argentina,France,Argentina vs France
3869486,80,Substitution,,,788,3625.0,6445,6537.147518061058,0.9859040173399072,FIFA World Cup,Morocco,Portugal,Morocco vs Portugal
3869420,85,Shot,Blocked,0.06132018,781,13620.0,6438,5829.512122119126,1.1043805836807623,FIFA World Cup,Croatia,Brazil,Croatia vs Brazil
3869420,85,Shot,Blocked,0.04975106,781,13620.0,6435,5829.512122119126,1.1038659608551888,FIFA World Cup,Croatia,Brazil,Croatia vs Brazil
3869354,47,Shot,Blocked,0.048588943,768,3336.0,6420,6461.771107801582,0.9935356565398689,FIFA World Cup,England,France,England vs France
3869685,41,Substitution,,,771,3604.0,6390,5779.974376663053,1.1055412331583956,FIFA World Cup,Argentina,France,Argentina vs France
3869486,80,Substitution,,,788,5237.0,6371,6537.147518061058,0.9745840953409695,FIFA World Cup,Morocco,Portugal,Morocco vs Portugal
3869420,75,Shot,Saved,0.12963046,781,4320.0,6363,5829.512122119126,1.0915150130414246,FIFA World Cup,Croatia,Brazil,Croatia vs Brazil
3869321,42,Bad Behaviour,,,941,21809.0,6328,5814.875037639265,1.0882435063590041,FIFA World Cup,Netherlands,Argentina,Netherlands vs Argentina
3869420,84,Shot,Blocked,0.026884926,785,3441.0,6327,5829.512122119126,1.0853395391345424,FIFA World Cup,Croatia,Brazil,Croatia vs Brazil
3869420,91,Shot,Wayward,0.057022728,781,25305.0,6326,5829.512122119126,1.0851679981926845,FIFA World Cup,Croatia,Brazil,Croatia vs Brazil
3869420,105,Substitution,,,781,13620.0,6283,5829.512122119126,1.0777917376927975,FIFA World Cup,Croatia,Brazil,Croatia vs Brazil
3869420,105,Substitution,,,781,22600.0,6277,5829.512122119126,1.0767624920416505,FIFA World Cup,Croatia,Brazil,Croatia vs Brazil
3869420,105,Substitution,,,785,5456.0,6277,5829.512122119126,1.0767624920416505,FIFA World Cup,Croatia,Brazil,Croatia vs Brazil
3869354,46,Shot,Saved,0.046397094,768,30714.0,6250,6461.771107801582,0.9672270799648256,FIFA World Cup,England,France,England vs France
3869420,83,Substitution,,,781,3280.0,6245,5829.512122119126,1.0712731819021997,FIFA World Cup,Croatia,Brazil,Croatia vs Brazil
3869684,61,Substitution,,,785,5460.0,6232,6674.743181013106,0.9336688814825823,FIFA World Cup,Croatia,Morocco,Croatia vs Morocco
3869486,78,Substitution,,,780,16028.0,6214,6537.147518061058,0.9505675040729531,FIFA World Cup,Morocco,Portugal,Morocco vs Portugal
3869486,96,Shot,Off T,0.14926605,780,20016.0,6211,6537.147518061058,0.9501085883162395,FIFA World Cup,Morocco,Portugal,Morocco vs Portugal
3869321,115,Shot,Off T,0.04452438,779,7161.0,6198,5814.875037639265,1.0658870500020714,FIFA World Cup,Netherlands,Argentina,Netherlands vs Argentina
3869685,101,Substitution,,,779,29560.0,6158,5779.974376663053,1.065402646915399,FIFA World Cup,Argentina,France,Argentina vs France
3869486,25,Shot,Off T,0.043849364,788,6301.0,6158,6537.147518061058,0.9420010766142977,FIFA World Cup,Morocco,Portugal,Morocco vs Portugal
3869685,101,Substitution,,,779,7797.0,6120,5779.974376663053,1.0588282233066324,FIFA World Cup,Argentina,France,Argentina vs France
3869321,75,Bad Behaviour,,,941,2988.0,6081,5814.875037639265,1.0457662392808318,FIFA World Cup,Netherlands,Argentina,Netherlands vs Argentina
3869321,75,Bad Behaviour,,,779,27768.0,6075,5814.875037639265,1.0447344028335888,FIFA World Cup,Netherlands,Argentina,Netherlands vs Argentina
3869552,70,Shot,Off T,0.115658596,771,2972.0,6071,6705.485930480018,0.9053780833994535,FIFA World Cup,France,Morocco,France vs Morocco
3869420,29,Shot,Off T,0.012010745,785,5474.0,6068,5829.512122119126,1.0409104351933622,FIFA World Cup,Croatia,Brazil,Croatia vs Brazil
3869685,99,Shot,Blocked,0.023031652,771,11990.0,6060,5779.974376663053,1.048447554450685,FIFA World Cup,Argentina,France,Argentina vs France
3869486,95,Shot,Saved,0.39109123,788,21736.0,6024,6537.147518061058,0.9215028394810862,FIFA World Cup,Morocco,Portugal,Morocco vs Portugal
3869321,45,Substitution,,,941,8259.0,5991,5814.875037639265,1.0302886925721861,FIFA World Cup,Netherlands,Argentina,Netherlands vs Argentina
3869321,45,Substitution,,,941,6994.0,5991,5814.875037639265,1.0302886925721861,FIFA World Cup,Netherlands,Argentina,Netherlands vs Argentina
3869420,20,Shot,Saved,0.025347186,781,4320.0,5986,5829.512122119126,1.0268440779610195,FIFA World Cup,Croatia,Brazil,Croatia vs Brazil
3869420,81,Shot,Off T,0.067200735,781,3280.0,5972,5829.512122119126,1.0244425047750099,FIFA World Cup,Croatia,Brazil,Croatia vs Brazil
3869685,90,Substitution,,,779,29201.0,5963,5779.974376663053,1.0316654731335702,FIFA World Cup,Argentina,France,Argentina vs France
3869420,19,Shot,Blocked,0.06970771,781,18395.0,5944,5829.512122119126,1.0196393584029904,FIFA World Cup,Croatia,Brazil,Croatia vs Brazil
3869321,34,Shot,Goal,0.43442267,779,29201.0,5929,5814.875037639265,1.0196263826173413,FIFA World Cup,Netherlands,Argentina,Netherlands vs Argentina
3869321,105,Substitution,,,779,29201.0,5917,5814.875037639265,1.017562709722855,FIFA World Cup,Netherlands,Argentina,Netherlands vs Argentina
3869420,104,Shot,Off T,0.0154907415,781,3063.0,5908,5829.512122119126,1.0134638844961081,FIFA World Cup,Croatia,Brazil,Croatia vs Brazil
3869685,35,Shot,Goal,0.30340916,779,2995.0,5903,5779.974376663053,1.0212848042776228,FIFA World Cup,Argentina,France,Argentina vs France
3869321,114,Shot,Blocked,0.032085553,779,38718.0,5831,5814.875037639265,1.002773053979038,FIFA World Cup,Netherlands,Argentina,Netherlands vs Argentina
3869486,90,Shot,Saved,0.05699573,780,5207.0,5825,6537.147518061058,0.8910614276190783,FIFA World Cup,Morocco,Portugal,Morocco vs Portugal
3869684,32,Shot,Off T,0.08611878,788,3625.0,5773,6674.743181013106,0.8649021907572124,FIFA World Cup,Croatia,Morocco,Croatia vs Morocco
3869486,5,Shot,Off T,0.117904566,788,6301.0,5764,6537.147518061058,0.8817301405658999,FIFA World Cup,Morocco,Portugal,Morocco vs Portugal
3869321,92,Shot,Blocked,0.08017064,941,7745.0,5732,5814.875037639265,0.9857477525995277,FIFA World Cup,Netherlands,Argentina,Netherlands vs Argentina
3869420,79,Shot,Saved,0.092192985,781,22600.0,5685,5829.512122119126,0.9752102544618102,FIFA World Cup,Croatia,Brazil,Croatia vs Brazil
3869321,32,Shot,Saved,0.049762752,779,7797.0,5680,5814.875037639265,0.9768051700567546,FIFA World Cup,Netherlands,Argentina,Netherlands vs Argentina
3869685,71,Shot,Saved,0.041589838,779,38718.0,5652,5779.974376663053,0.9778590062302428,FIFA World Cup,Argentina,France,Argentina vs France
3869321,108,Bad Behaviour,,,779,28263.0,5643,5814.875037639265,0.9704421786320891,FIFA World Cup,Netherlands,Argentina,Netherlands vs Argentina
3869685,96,Shot,Saved,0.0430315,779,5503.0,5622,5779.974376663053,0.9726686718022691,FIFA World Cup,Argentina,France,Argentina vs France
3869685,31,Shot,Wayward,0.010577817,779,27886.0,5607,5779.974376663053,0.9700735045882823,FIFA World Cup,Argentina,France,Argentina vs France
3869420,93,Shot,Saved,0.013999131,781,25363.0,5602,5829.512122119126,0.9609723562876097,FIFA World Cup,Croatia,Brazil,Croatia vs Brazil
3869321,46,Bad Behaviour,,,941,7829.0,5600,5814.875037639265,0.9630473507601806,FIFA World Cup,Netherlands,Argentina,Netherlands vs Argentina
3869321,102,Bad Behaviour,,,941,8259.0,5585,5814.875037639265,0.960467759642073,FIFA World Cup,Netherlands,Argentina,Netherlands vs Argentina
3869321,109,Shot,Off T,0.035418287,779,5503.0,5577,5814.875037639265,0.9590919777124156,FIFA World Cup,Netherlands,Argentina,Netherlands vs Argentina
3869420,18,Shot,Blocked,0.026674595,785,5460.0,5568,5829.512122119126,0.9551399642644431,FIFA World Cup,Croatia,Brazil,Croatia vs Brazil
3869321,113,Shot,Blocked,0.2245604,779,11456.0,5565,5814.875037639265,0.9570283048179294,FIFA World Cup,Netherlands,Argentina,Netherlands vs Argentina
3869685,70,Substitution,,,771,5487.0,5542,5779.974376663053,0.9588277799943393,FIFA World Cup,Argentina,France,Argentina vs France
3869685,70,Substitution,,,771,6704.0,5542,5779.974376663053,0.9588277799943393,FIFA World Cup,Argentina,France,Argentina vs France
3869685,22,Shot,Goal,0.7835,779,5503.0,5535,5779.974376663053,0.9576167019611455,FIFA World Cup,Argentina,France,Argentina vs France
3869321,111,Substitution,,,779,27768.0,5522,5814.875037639265,0.949633476946021,FIFA World Cup,Netherlands,Argentina,Netherlands vs Argentina
3869685,70,Shot,Off T,0.050644457,771,3009.0,5512,5779.974376663053,0.9536374455663656,FIFA World Cup,Argentina,France,Argentina vs France
3869685,92,Shot,Off T,0.019259434,779,27886.0,5506,5779.974376663053,0.9525993786807709,FIFA World Cup,Argentina,France,Argentina vs France
3869321,112,Substitution,,,941,20750.0,5489,5814.875037639265,0.9439583764861842,FIFA World Cup,Netherlands,Argentina,Netherlands vs Argentina
3869321,112,Shot,Blocked,0.05290734,941,20033.0,5470,5814.875037639265,0.9406908944032478,FIFA World Cup,Netherlands,Argentina,Netherlands vs Argentina
3869420,66,Shot,Blocked,0.04353941,781,13620.0,5446,5829.512122119126,0.9342119693577869,FIFA World Cup,Croatia,Brazil,Croatia vs Brazil
3869684,86,Shot,Off T,0.23560598,785,5456.0,5426,6674.743181013106,0.812915171842826,FIFA World Cup,Croatia,Morocco,Croatia vs Morocco
3869354,10,Shot,Saved,0.21537142,771,3604.0,5422,6461.771107801582,0.8390888364110854,FIFA World Cup,England,France,England vs France
3869321,72,Shot,Goal,0.7835,779,5503.0,5413,5814.875037639265,0.9308884481544388,FIFA World Cup,Netherlands,Argentina,Netherlands vs Argentina
3869685,92,Shot,Blocked,0.0324491,771,3009.0,5373,5779.974376663053,0.9295888960500875,FIFA World Cup,Argentina,France,Argentina vs France
3869321,101,Bad Behaviour,,,779,3090.0,5363,5814.875037639265,0.9222898110940801,FIFA World Cup,Netherlands,Argentina,Netherlands vs Argentina
3869685,95,Substitution,,,771,3026.0,5362,5779.974376663053,0.9276857734264972,FIFA World Cup,Argentina,France,Argentina vs France
3869420,65,Shot,Saved,0.26807922,781,22600.0,5322,5829.512122119126,0.912940892567415,FIFA World Cup,Croatia,Brazil,Croatia vs Brazil
3869685,93,Shot,Saved,0.09333491,771,3026.0,5304,5779.974376663053,0.917651126865748,FIFA World Cup,Argentina,France,Argentina vs France
3869685,94,Bad Behaviour,,,771,3604.0,5291,5779.974376663053,0.9154019819469594,FIFA World Cup,Argentina,France,Argentina vs France
3869519,24,Shot,Saved,0.027808638,779,38718.0,5233,6626.9221613901445,0.7896576830928494,FIFA World Cup,Argentina,Croatia,Argentina vs Croatia
3869420,65,Shot,Blocked,0.026057322,781,5539.0,5232,5829.512122119126,0.8975022078002095,FIFA World Cup,Croatia,Brazil,Croatia vs Brazil
3869321,100,Shot,Goal,0.21959315,941,7829.0,5183,5814.875037639265,0.8913347176767886,FIFA World Cup,Netherlands,Argentina,Netherlands vs Argentina
3869420,102,Shot,Off T,0.12467693,785,5469.0,5107,5829.512122119126,0.8760595900679797,FIFA World Cup,Croatia,Brazil,Croatia vs Brazil
3869486,3,Shot,Saved,0.0989785,780,12041.0,5059,6537.147518061058,0.7738849377381831,FIFA World Cup,Morocco,Portugal,Morocco vs Portugal
3869321,99,Bad Behaviour,,,779,5503.0,5041,5814.875037639265,0.8669145884253697,FIFA World Cup,Netherlands,Argentina,Netherlands vs Argentina
3869685,67,Shot,Off T,0.09618377,771,22097.0,5040,5779.974376663053,0.8719761838995796,FIFA World Cup,Argentina,France,Argentina vs France
3869354,38,Shot,Off T,0.06798863,771,3009.0,5011,6461.771107801582,0.7754839836325985,FIFA World Cup,England,France,England vs France
3869420,63,Substitution,,,781,18395.0,5005,5829.512122119126,0.8585624139984802,FIFA World Cup,Croatia,Brazil,Croatia vs Brazil
3869684,83,Bad Behaviour,,,788,23774.0,4898,6674.743181013106,0.7338110047339038,FIFA World Cup,Croatia,Morocco,Croatia vs Morocco
3869552,64,Substitution,,,771,3604.0,4879,6705.485930480018,0.7276131887507714,FIFA World Cup,France,Morocco,France vs Morocco
3869552,66,Substitution,,,788,3625.0,4857,6705.485930480018,0.7243322930441682,FIFA World Cup,France,Morocco,France vs Morocco
3869552,65,Substitution,,,788,6301.0,4833,6705.485930480018,0.7207531340915102,FIFA World Cup,France,Morocco,France vs Morocco
3869420,55,Substitution,,,781,10595.0,4770,5829.512122119126,0.8182502926618883,FIFA World Cup,Croatia,Brazil,Croatia vs Brazil
3869420,54,Shot,Saved,0.16692519,781,4320.0,4712,5829.512122119126,0.8083009180341336,FIFA World Cup,Croatia,Brazil,Croatia vs Brazil
3869685,63,Substitution,,,779,2995.0,4662,5779.974376663053,0.8065779701071112,FIFA World Cup,Argentina,France,Argentina vs France
3869685,16,Shot,Off T,0.106800534,779,2995.0,4616,5779.974376663053,0.7986194573175515,FIFA World Cup,Argentina,France,Argentina vs France
3869420,100,Shot,Saved,0.113875866,781,25305.0,4538,5829.512122119126,0.7784527941508698,FIFA World Cup,Croatia,Brazil,Croatia vs Brazil
3869685,48,Shot,Saved,0.040216275,779,7797.0,4537,5779.974376663053,0.7849515766572208,FIFA World Cup,Argentina,France,Argentina vs France
3869420,12,Shot,Off T,0.19016835,785,5474.0,4509,5829.512122119126,0.7734781068369925,FIFA World Cup,Croatia,Brazil,Croatia vs Brazil
3869519,15,Shot,Off T,0.014029023,785,3471.0,4435,6626.9221613901445,0.6692397906586638,FIFA World Cup,Argentina,Croatia,Argentina vs Croatia
3869685,7,Shot,Blocked,0.062813334,779,7797.0,4404,5779.974376663053,0.7619410940265374,FIFA World Cup,Argentina,France,Argentina vs France
3869685,59,Shot,Off T,0.11555985,779,5503.0,4376,5779.974376663053,0.757096781893762,FIFA World Cup,Argentina,France,Argentina vs France
3869321,23,Shot,Off T,0.089517,941,8259.0,4321,5814.875037639265,0.7430942147562036,FIFA World Cup,Netherlands,Argentina,Netherlands vs Argentina
3869420,50,Shot,Wayward,0.11005159,785,5474.0,4320,5829.512122119126,0.7410568688258611,FIFA World Cup,Croatia,Brazil,Croatia vs Brazil
3869685,58,Shot,Saved,0.05953379,779,29560.0,4295,5779.974376663053,0.743082878938233,FIFA World Cup,Argentina,France,Argentina vs France
3869354,3,Shot,Blocked,0.022691524,768,4354.0,4293,6461.771107801582,0.6643689366862394,FIFA World Cup,England,France,England vs France
3869321,65,Substitution,,,779,7797.0,4231,5814.875037639265,0.7276166680475579,FIFA World Cup,Netherlands,Argentina,Netherlands vs Argentina
3869354,97,Substitution,,,768,3244.0,4200,6461.771107801582,0.6499765977363627,FIFA World Cup,England,France,England vs France
3869420,41,Shot,Saved,0.008240742,781,4320.0,4110,5829.512122119126,0.705033271035715,FIFA World Cup,Croatia,Brazil,Croatia vs Brazil
3869321,21,Shot,Off T,0.037832856,779,5503.0,3998,5814.875037639265,0.687547019346286,FIFA World Cup,Netherlands,Argentina,Netherlands vs Argentina
3869354,100,Shot,Off T,0.07922588,768,3318.0,3990,6461.771107801582,0.6174777678495447,FIFA World Cup,England,France,England vs France
3869321,64,Substitution,,,941,3311.0,3977,5814.875037639265,0.6839355917809354,FIFA World Cup,Netherlands,Argentina,Netherlands vs Argentina
3869685,4,Shot,Saved,0.024542088,779,27886.0,3926,5779.974376663053,0.6792417654741566,FIFA World Cup,Argentina,France,Argentina vs France
3869420,4,Shot,Saved,0.008460451,781,18395.0,3926,5829.512122119126,0.6734697377338729,FIFA World Cup,Croatia,Brazil,Croatia vs Brazil
3869321,4,Shot,Blocked,0.02377054,779,7797.0,3874,5814.875037639265,0.6662223994365963,FIFA World Cup,Netherlands,Argentina,Netherlands vs Argentina
3869321,62,Shot,Off T,0.07608311,779,5503.0,3761,5814.875037639265,0.6467894796801856,FIFA World Cup,Netherlands,Argentina,Netherlands vs Argentina
